302   /daydream                  /headsets/google-daydream
302   /fove                      /headsets/fove
302   /gear                      /headsets/samsung-gear-vr
302   /gear-vr                   /headsets/samsung-gear-vr
302   /gearvr                    /headsets/samsung-gear-vr
302   /oculus                    /headsets/oculus-rift
302   /psvr                      /headsets/psvr
302   /rift                      /headsets/oculus-rift
302   /vive                      /headsets/vive

302   /carmel                    /browsers/carmel
302   /chrome                    /browsers/chrome
302   /chrome-android            /browsers/chrome-daydream
302   /chrome-daydream           /browsers/chrome-daydream
302   /chrome-desktop            /browsers/chrome-daydream
302   /chrome-mobile             /browsers/chrome-daydream
302   /chromium                  /browsers/chromium
302   /edge                      /browsers/edge
302   /servo                     /browsers/servo

302   /desktop                   /directory/?filter=desktop
302   /mobile                    /directory/?filter=mobile
